{
  "IcoMoonType": "selection",
  "icons": [
    {
      "icon": {
        "paths": [
          "M731.429 768c0-20-16.571-36.571-36.571-36.571s-36.571 16.571-36.571 36.571 16.571 36.571 36.571 36.571 36.571-16.571 36.571-36.571zM877.714 768c0-20-16.571-36.571-36.571-36.571s-36.571 16.571-36.571 36.571 16.571 36.571 36.571 36.571 36.571-16.571 36.571-36.571zM950.857 640v182.857c0 30.286-24.571 54.857-54.857 54.857h-841.143c-30.286 0-54.857-24.571-54.857-54.857v-182.857c0-30.286 24.571-54.857 54.857-54.857h265.714l77.143 77.714c21.143 20.571 48.571 32 77.714 32s56.571-11.429 77.714-32l77.714-77.714h265.143c30.286 0 54.857 24.571 54.857 54.857zM765.143 314.857c5.714 13.714 2.857 29.714-8 40l-256 256c-6.857 7.429-16.571 10.857-25.714 10.857s-18.857-3.429-25.714-10.857l-256-256c-10.857-10.286-13.714-26.286-8-40 5.714-13.143 18.857-22.286 33.714-22.286h146.286v-256c0-20 16.571-36.571 36.571-36.571h146.286c20 0 36.571 16.571 36.571 36.571v256h146.286c14.857 0 28 9.143 33.714 22.286z"
        ],
        "width": 950.8571428571428,
        "attrs": [],
        "isMulticolor": false,
        "isMulticolor2": false,
        "tags": [
          "download"
        ],
        "defaultCode": 61465,
        "grid": 14
      },
      "attrs": [],
      "properties": {
        "name": "download",
        "id": 28,
        "order": 19,
        "prevSize": 28,
        "code": 61465
      },
      "setIdx": 1,
      "setId": 0,
      "iconIdx": 28
    },
    {
      "icon": {
        "paths": [
          "M925.714 233.143c-25.143 36.571-56.571 69.143-92.571 95.429 0.571 8 0.571 16 0.571 24 0 244-185.714 525.143-525.143 525.143-104.571 0-201.714-30.286-283.429-82.857 14.857 1.714 29.143 2.286 44.571 2.286 86.286 0 165.714-29.143 229.143-78.857-81.143-1.714-149.143-54.857-172.571-128 11.429 1.714 22.857 2.857 34.857 2.857 16.571 0 33.143-2.286 48.571-6.286-84.571-17.143-148-91.429-148-181.143v-2.286c24.571 13.714 53.143 22.286 83.429 23.429-49.714-33.143-82.286-89.714-82.286-153.714 0-34.286 9.143-65.714 25.143-93.143 90.857 112 227.429 185.143 380.571 193.143-2.857-13.714-4.571-28-4.571-42.286 0-101.714 82.286-184.571 184.571-184.571 53.143 0 101.143 22.286 134.857 58.286 41.714-8 81.714-23.429 117.143-44.571-13.714 42.857-42.857 78.857-81.143 101.714 37.143-4 73.143-14.286 106.286-28.571z"
        ],
        "width": 950.8571428571428,
        "attrs": [],
        "isMulticolor": false,
        "isMulticolor2": false,
        "tags": [
          "twitter"
        ],
        "defaultCode": 61593,
        "grid": 14
      },
      "attrs": [],
      "properties": {
        "name": "twitter",
        "id": 145,
        "order": 20,
        "prevSize": 28,
        "code": 61593
      },
      "setIdx": 1,
      "setId": 0,
      "iconIdx": 145
    },
    {
      "icon": {
        "paths": [
          "M548 6.857v150.857h-89.714c-70.286 0-83.429 33.714-83.429 82.286v108h167.429l-22.286 169.143h-145.143v433.714h-174.857v-433.714h-145.714v-169.143h145.714v-124.571c0-144.571 88.571-223.429 217.714-223.429 61.714 0 114.857 4.571 130.286 6.857z"
        ],
        "width": 602.2582857142856,
        "attrs": [],
        "isMulticolor": false,
        "isMulticolor2": false,
        "tags": [
          "facebook",
          "facebook-f"
        ],
        "defaultCode": 61594,
        "grid": 14
      },
      "attrs": [],
      "properties": {
        "name": "facebook, facebook-f",
        "id": 146,
        "order": 21,
        "prevSize": 28,
        "code": 61594
      },
      "setIdx": 1,
      "setId": 0,
      "iconIdx": 146
    },
    {
      "icon": {
        "paths": [
          "M821.143 521.714c0 239.429-160.571 409.143-402.286 409.143-231.429 0-418.857-187.429-418.857-418.857s187.429-418.857 418.857-418.857c113.143 0 207.429 41.143 280.571 109.714l-113.714 109.143c-30.857-29.714-85.143-64.571-166.857-64.571-142.857 0-259.429 118.286-259.429 264.571s116.571 264.571 259.429 264.571c165.714 0 228-119.429 237.714-180.571h-237.714v-144h395.429c4 21.143 6.857 42.286 6.857 69.714zM1316.571 452v120h-119.429v119.429h-120v-119.429h-119.429v-120h119.429v-119.429h120v119.429h119.429z"
        ],
        "width": 1316.5714285714284,
        "attrs": [],
        "isMulticolor": false,
        "isMulticolor2": false,
        "tags": [
          "google-plus"
        ],
        "defaultCode": 61653,
        "grid": 14
      },
      "attrs": [],
      "properties": {
        "name": "google-plus",
        "id": 189,
        "order": 22,
        "prevSize": 28,
        "code": 61653
      },
      "setIdx": 1,
      "setId": 0,
      "iconIdx": 189
    },
    {
      "icon": {
        "paths": [
          "M199.429 357.143v566.286h-188.571v-566.286h188.571zM211.429 182.286c0.571 54.286-40.571 97.714-106.286 97.714v0h-1.143c-63.429 0-104-43.429-104-97.714 0-55.429 42.286-97.714 106.286-97.714 64.571 0 104.571 42.286 105.143 97.714zM877.714 598.857v324.571h-188v-302.857c0-76-27.429-128-95.429-128-52 0-82.857 34.857-96.571 68.571-4.571 12.571-6.286 29.143-6.286 46.286v316h-188c2.286-513.143 0-566.286 0-566.286h188v82.286h-1.143c24.571-38.857 69.143-95.429 170.857-95.429 124 0 216.571 81.143 216.571 254.857z"
        ],
        "width": 877.7142857142857,
        "attrs": [],
        "isMulticolor": false,
        "isMulticolor2": false,
        "tags": [
          "linkedin"
        ],
        "defaultCode": 61665,
        "grid": 14
      },
      "attrs": [],
      "properties": {
        "name": "linkedin",
        "id": 200,
        "order": 23,
        "prevSize": 28,
        "code": 61665
      },
      "setIdx": 1,
      "setId": 0,
      "iconIdx": 200
    },
    {
      "icon": {
        "paths": [
          "M647.429 897.143c-62.286 34.286-133.714 53.714-210.286 53.714-76 0-147.429-19.429-209.714-53.714 101.143-64 182.857-160.571 209.714-273.714 27.429 113.143 109.143 209.714 210.286 273.714zM364.571 81.143v277.143c0 195.429-108 363.429-261.143 437.714-64.571-76.571-103.429-174.857-103.429-282.857 0-217.143 157.714-397.143 364.571-432zM877.714 513.143c0 108-38.857 206.286-103.429 282.857-153.143-74.286-261.143-242.286-261.143-437.714v-277.143c206.857 34.857 364.571 214.857 364.571 432z"
        ],
        "width": 877.7142857142857,
        "attrs": [],
        "isMulticolor": false,
        "isMulticolor2": false,
        "tags": [
          "renren"
        ],
        "defaultCode": 61835,
        "grid": 14
      },
      "attrs": [],
      "properties": {
        "name": "renren",
        "id": 357,
        "order": 24,
        "prevSize": 28,
        "code": 61835
      },
      "setIdx": 1,
      "setId": 0,
      "iconIdx": 357
    },
    {
      "icon": {
        "paths": [
          "M657.143 613.714v62.286c0 80.571-128.571 110.286-209.143 110.286-156.571 0-274.286-119.429-274.286-277.143 0-154.857 116.571-271.429 271.429-271.429 56.571 0 204.571 20 204.571 110.857v62.286c0 5.143-4 9.143-9.143 9.143h-67.429c-5.143 0-9.143-4-9.143-9.143v-40c0-36-69.143-52.571-116-52.571-106.857 0-181.143 77.143-181.143 188 0 114.857 77.714 198.857 185.714 198.857 41.143 0 118.857-15.429 118.857-51.429v-40c0-5.143 4-9.143 8.571-9.143h68c4.571 0 9.143 4 9.143 9.143zM438.857 146.286c-201.714 0-365.714 164-365.714 365.714s164 365.714 365.714 365.714 365.714-164 365.714-365.714-164-365.714-365.714-365.714zM877.714 512c0 242.286-196.571 438.857-438.857 438.857s-438.857-196.571-438.857-438.857 196.571-438.857 438.857-438.857v0c242.286 0 438.857 196.571 438.857 438.857z"
        ],
        "width": 877.7142857142857,
        "attrs": [],
        "isMulticolor": false,
        "isMulticolor2": false,
        "tags": [
          "copyright"
        ],
        "defaultCode": 61945,
        "grid": 14
      },
      "attrs": [],
      "properties": {
        "name": "copyright",
        "id": 460,
        "order": 25,
        "prevSize": 28,
        "code": 61945
      },
      "setIdx": 1,
      "setId": 0,
      "iconIdx": 460
    }
  ],
  "height": 1024,